Source;Target
0; 488, 1218
1; 679, 21
2; 1243, 371, 148, 364, 32
3; 1395, 498, 129, 513, 347, 580
4; 789, 1210
5; 647, 777, 895
6; 213, 1040, 961, 860, 425, 810, 374
7; 123, 1256, 612, 1293, 738
8; 305, 59, 134, 522, 1119, 731
9; 750, 1021, 1300, 1402
10; 751, 410, 1369
11; 968, 967
12; 1302, 410, 1238
13; 628, 143, 78
14; 1222, 1026, 907
15; 490, 1279, 204, 342, 867, 281, 967, 1085
16; 889, 1022
17; 1101, 1485
18; 1187, 613, 96, 758
19; 976
20; 436, 284, 906, 743
21; 695, 810, 1
23; 333, 937, 402, 994
24; 808, 1006, 138
25; 621, 211, 1378, 317
26; 1218, 932, 618, 274, 947
27; 1370, 833
28; 217, 996
29; 913, 637, 362, 311
30; 1375, 241, 1434
31; 1483, 204, 1007, 1458, 1348
32; 805, 2, 1023, 592
33; 446, 781, 463, 928
34; 1174, 688, 317, 855
35; 847, 399, 462, 229
36; 897, 984, 1107, 569
37; 1014, 360, 117, 1003, 607
38; 478, 1050, 1087, 1062
39; 217, 1364, 1388, 245
40; 228, 432, 915, 686
41; 891, 411, 1120
42; 823, 741, 952, 830
43; 458, 1337
44; 1000, 1197, 1315, 545
45; 1060, 632, 568
46; 748, 1376, 398, 635
47; 959, 445, 760
48; 744, 1000, 1365, 1019, 859, 1228, 1011
49; 635, 1375, 1351, 1452, 530
50; 1294, 117, 797
51; 1394, 1028, 546, 88, 1313, 283
52; 889, 1164
53; 1149, 493, 1062, 337, 195, 244, 679, 342
54; 769
55; 1367, 1174
56; 574, 332
57; 754, 427, 580, 1026, 1474
58; 112, 1059, 1263
59; 1435, 560, 8, 704
60; 1110, 66, 1169, 1077
61; 741, 198, 549, 286, 1310
62; 440, 229, 1340, 591
63; 1098, 569, 1099, 381
64; 905, 474, 1141, 312
66; 60, 1032, 1347, 570
67; 123, 509, 1460, 1135, 1197, 1240, 1325, 1146
68; 883, 969, 1137
69; 875, 134, 314, 1464
70; 1253, 1243
71; 667, 822, 1039
72; 585
73; 1254
74; 655, 1085, 553, 624, 746, 709
75; 831, 1168
76; 1446, 1303, 506
77; 336, 289, 417, 875, 103, 674, 1263
78; 13
79; 967, 571, 1027, 1201
80; 921, 1270
81; 131, 1037
82; 1172
83; 541, 605, 992, 508
84; 861, 971
85; 973, 445, 1481, 238, 439, 1483
86; 212, 1433, 1485, 364
87; 1108, 1417, 339, 954, 1191
88; 318, 283, 919, 996, 51
89; 627, 427, 367, 987
90; 824, 1053
91; 750, 501
92; 1089, 769
93; 257, 1284, 1051, 1403, 1398
94; 315, 699, 1187
95; 174, 1246
96; 961, 1225, 18, 765, 1270, 1239, 1062, 1478
97; 1499, 997
98; 396, 1352, 987, 307, 1381, 1294, 445
99; 458, 955, 340, 1355, 784, 1111
100; 581, 962, 1203, 354, 1397, 1097
101; 1322, 805, 130, 1476
102; 1498, 869
103; 1040, 77, 284, 1319
104; 899
105; 726, 1378, 112, 782, 1040, 994, 1354
106; 917, 576, 426, 1382, 1447
107; 1360, 1339
108; 155, 1013
109; 1020, 715, 559, 852, 414, 1459
110; 496, 756, 598, 1119
111; 1234, 1336
112; 58, 1262, 105, 132, 390, 199, 887, 348, 963
113; 377, 1489, 1259, 1014, 1159, 1158
114; 1001, 1156, 1335, 1473, 370, 1459, 1151
115; 897, 864, 538, 587
116; 664, 1112
117; 37, 50, 635
118; 375, 179
119; 891, 926, 723
120; 1078, 122, 938, 801, 563
121; 430, 1470, 1269
122; 1291, 120, 1430
123; 67, 7, 1423, 1276, 1445, 447
124; 1456, 1121, 813
125; 286, 511, 439, 1213, 1498
126; 971, 636, 536, 1115, 824, 283, 228, 611
127; 1311, 1042, 949, 302
128; 1068, 218, 263, 211, 589, 139, 1351
129; 964, 3, 196, 786
130; 1000, 409, 101, 1047
131; 81, 583, 1180
132; 549, 479, 1484, 112, 160
133; 584, 1085, 553
134; 632, 354, 723, 69, 897, 1484, 1432, 8
135; 600, 968, 740
136; 1133, 715, 1182, 1035
137; 296
138; 468, 1253, 24, 1222
139; 190, 128
140; 890, 611, 1007, 978, 1388, 1143
141; 705
142; 1090, 1225, 965, 1003
143; 13, 677
144; 618, 176, 570
145; 218, 650, 471, 1417
146; 515, 171
147; 330, 387, 998, 666
148; 433, 199, 2
149; 776
150; 1171, 561, 479
151; 1285, 381, 270, 1276, 534, 970
152; 1335
153; 614, 406, 981
155; 108, 1134, 1490, 647, 1226
156; 263, 687, 314, 187, 1362
157; 1151, 807, 516, 611, 562
158; 818, 1138, 1314, 294, 1429, 1198
159; 594, 1488, 1306, 967
160; 591, 1216, 881, 524, 132, 1048, 599
161; 965
163; 726, 255
164; 478, 1202
165; 479, 576, 966
166; 449, 405, 625
167; 488, 865, 1308, 940, 715
168; 1208, 319
169; 437, 764, 1405, 773
170; 240, 716, 1313, 175, 1475, 1002, 816
171; 1373, 840, 146, 1350, 821, 1379
172; 1105, 1101, 787, 730, 780
173; 818, 275, 301, 1215, 1184, 1293, 756
174; 222, 95, 1434, 1462
175; 1254, 585, 170
176; 678, 272, 144, 679, 388
177; 814
178; 745, 757
179; 468, 1238, 118, 898
180; 1276, 637
181; 241
182; 1491, 1454, 1361
183; 880, 1242, 922, 463, 545, 1197, 1343, 1142
184; 1413, 1195, 1160, 1004, 1197
185; 892, 342, 311, 818, 729, 1034
186; 197, 997, 1296, 1334, 361
187; 1271, 982, 845, 296, 866, 156, 705, 751
188; 465, 764, 1064
189; 601, 861, 674
190; 1180, 585, 139
191; 248, 710, 1088, 1497, 1086, 934, 1059, 1118
192; 1211, 332, 1200, 1306
193; 630, 840
194; 1364, 405, 829, 253
195; 656, 572, 53, 841
196; 1008, 1159, 1168, 668, 129
197; 186, 824
198; 881, 61
199; 541, 148, 1147, 112, 1377
200; 1131, 640, 617, 296, 355
201; 932, 225
202; 759, 1208, 1241, 638, 241
203; 279, 914, 1145, 1488, 1064
204; 289, 31, 1091, 15, 350, 402, 1182
205; 1255
206; 482, 1494, 684, 426, 756
207; 385, 1286, 380, 1356, 1012
208; 1424, 1299, 486, 1214, 633, 799, 217
209; 1487, 796
210; 1251, 453, 350, 848, 579
211; 128, 587, 1030, 367, 25
212; 654, 86, 1299, 678, 781
213; 853, 6, 465
214; 235, 704
215; 1236, 1203, 758, 516, 651
216; 1141, 548, 318, 969, 937
217; 540, 1056, 39, 28, 1358, 208
218; 128, 145, 1460, 544, 649
219; 822, 619, 1492, 354
220; 1202, 1355, 236, 885
221; 297, 458
222; 174, 1068, 1250, 1480
223; 1166, 378, 1027, 1202, 1489, 437, 1212, 771
224; 254, 1400, 554, 660, 864, 1190
225; 1326, 201
226; 1125, 564, 1479, 983
227; 1006, 327, 590
228; 1076, 40, 1421, 952, 126
229; 815, 1214, 1090, 333, 901, 1157, 378, 1357, 62, 35
230; 1144, 278, 287, 1280, 975
231; 921, 989, 711, 990, 475, 978
232; 345, 1341
234; 393, 647, 1087, 1212, 1138
235; 214, 310, 1193
236; 220, 1487, 1190, 845
237; 1158, 429
238; 1420, 652, 85, 733
239; 1393, 1261, 304, 1429, 314
240; 170, 279, 1255, 1119
241; 1354, 30, 202, 1208, 181, 429
242; 1032
244; 1105, 53, 1276, 1009
245; 668, 1276, 899, 1157, 656, 39
246; 871, 1122
247; 1028, 1097, 854
248; 191, 1331, 647
249; 960, 1003, 961, 1446, 1417, 915, 293
250; 1098, 468, 419, 636
251; 1266, 400, 1457, 1286, 551, 1197
252; 804
253; 1145, 868, 736, 194
254; 224, 998, 1017, 1325
255; 693, 163, 952, 761, 680
256; 543, 656, 580, 920, 1084, 1326
257; 93, 1094, 483
258; 415, 850, 439, 280, 772, 632, 795
259; 389
260; 352, 1167, 1178, 516, 1368, 618
261; 1451, 1057, 1116
262; 888
263; 156, 128, 551, 1018
264; 613, 1055, 937, 330, 1326, 1089
265; 629, 611, 734, 912, 1189
266; 1182, 1310
267; 833, 843, 937
268; 369, 1458
269; 619, 1268, 1038
270; 1287, 151, 302
271; 1102, 416, 704, 1467, 460
272; 1158, 176, 1470, 1359
273; 357, 934, 894
274; 869, 430, 547, 1378, 1404, 1231, 26
275; 1449, 173, 764, 742
276; 868, 697, 1238, 384, 389, 926
277; 581, 800, 570, 479, 382
278; 399, 818, 230, 1257
279; 203, 472, 240, 497, 769
280; 1483, 258, 1032, 831, 1068
281; 1328, 15, 1414, 788, 929, 1035
282; 628, 1128, 792, 487, 295
283; 88, 1291, 1112, 1359, 312, 126, 1299, 51
284; 20, 768, 1149, 779, 103, 1347, 335
285; 692
286; 819, 647, 1328, 1089, 125, 593, 61
287; 762, 861, 556, 230, 562, 709, 1448
288; 313
289; 1322, 204, 1494, 447, 77, 948, 1207
290; 515, 1491
291; 416, 1194, 644
292; 1008, 710, 904, 540, 1156, 748
293; 1091, 872, 1096, 249
294; 1099, 311, 859, 1065, 158, 595, 320
295; 1277, 1153, 869, 683, 282
296; 533, 187, 788, 137, 200, 933, 1237, 621, 494
297; 221, 441, 1441
298; 1444, 616, 1341, 1344
299; 923, 364
300; 1083, 897, 1069, 1009, 1452
301; 173, 1304, 423, 1032
302; 740, 270, 127
303; 954
304; 1264, 239, 1452
305; 8, 615, 1183, 1100
306; 313, 840
307; 98, 1002, 699, 418
308; 668, 963, 664, 901
309; 1260
310; 670, 999, 235, 660, 881, 645, 434
311; 294, 845, 435, 827, 185, 29, 1028
312; 467, 1223, 283, 64, 769
313; 655, 306, 1337, 1078, 571, 288, 1315
314; 69, 400, 156, 1176, 1159, 468, 239
315; 387, 94, 543, 1479, 1078, 571
316; 1272, 1423, 1102
317; 381, 34, 1055, 1202, 25
318; 88, 322, 1092, 1190, 1011, 1313, 1323, 216
319; 668, 168, 703
320; 1316, 1483, 328, 294, 1044
321; 1312, 1041, 648
322; 406, 318, 884, 1400, 1201
323; 1065, 1303, 1316
324; 1037
325; 799, 1423
326; 779, 670, 455, 1408
327; 672, 882, 227, 398
328; 1461, 812, 320, 710
329; 867, 782, 634
330; 1233, 147, 264, 1030
331; 1141, 1041, 905, 1415
332; 1423, 192, 724, 1088, 56, 1472
333; 386, 23, 229, 352, 1077
334; 1472, 965, 650
335; 547, 927, 284
336; 521, 77, 1283, 445, 899, 718
337; 679, 863, 476, 53, 795
338; 667, 1284, 467, 510
339; 1480, 534, 417, 1199, 87, 1418, 1097, 686
340; 1277, 586, 779, 823, 99, 993, 986
341; 465, 737, 936
342; 15, 1117, 862, 1479, 53, 185, 966, 1357, 1211, 440
343; 1483, 352
344; 1055, 1121
345; 232, 627, 1416
346; 1468, 628, 790
347; 362, 3, 349
348; 581, 112, 924, 615
349; 560, 347
350; 204, 210, 1132, 931, 546, 696
351; 968, 497, 1433
352; 260, 1385, 698, 533, 343, 1315, 333
353; 1454
354; 134, 546, 958, 100, 219
355; 660, 200
356; 907, 1211, 1142
357; 722, 273, 1141, 977, 1285
358; 1242, 1109, 686
359; 684, 1202
360; 37, 787
361; 1406, 1173, 186, 1038, 630, 1028
362; 347, 1282, 764, 476, 1184, 29
363; 370, 1447
364; 585, 730, 1202, 450, 2, 709, 889, 299, 1011, 86
365; 596, 1419, 786, 872
366; 1179, 589, 814, 1427
367; 495, 1214, 546, 1226, 89, 211
368; 469, 1039, 1117
369; 1024, 268, 1480, 1483
370; 363, 1009, 114
371; 2, 1168
372; 1370, 1316
373; 1499
374; 6
375; 118, 854, 733, 1370
376; 1419
377; 1034, 113, 1240, 592, 579, 1029, 489
378; 923, 223, 537, 229, 627
379; 1151, 419
380; 1212, 516, 207, 1274, 864
381; 151, 317, 914, 849, 63
382; 1312, 1383, 277
383; 1269, 570
384; 1289, 276, 776
385; 207, 1242, 1030, 553, 770
386; 333
387; 315, 147, 1495, 523, 1325
388; 1401, 176
389; 276, 259
390; 1105, 112
391; 1415, 1170, 462
392; 971, 1374
393; 987, 555, 234, 1405
394; 943, 907, 1444
395; 538
396; 98, 485, 422, 1265, 1141
397; 600, 1225, 723
398; 46, 849, 327
399; 278, 1495, 35
400; 559, 251, 314, 900
401; 925, 1088, 1270, 1138, 1223
402; 425, 23, 773, 1434, 849, 204, 1247
403; 1079, 1498, 879, 975
404; 1464, 819, 1196
405; 194, 166
406; 1266, 322, 153, 901
407; 704, 1145, 1096
408; 997
409; 776, 130, 516, 976, 1202
410; 1437, 12, 1428, 653, 10, 1329
411; 1481, 1035, 1391, 1334, 864, 41
412; 1166
413; 736
414; 1356, 489, 109
415; 258, 1423, 548, 594, 1440, 495, 1089
416; 760, 291, 271
417; 77, 1371, 339, 899, 1293, 1400
418; 959, 307
419; 698, 588, 561, 250, 379
420; 809, 523, 647
421; 819, 583, 609, 804
422; 973, 396, 1465
423; 301, 1300
425; 402, 1312, 1000, 6, 753
426; 1408, 893, 1021, 658, 1238, 106, 206
427; 474, 1057, 57, 709, 89
428; 1386
429; 237, 241
430; 121, 1491, 274, 698, 914, 1360, 861, 1397
431; 1352
432; 1286, 40, 565, 1004
433; 148, 1111
434; 310
435; 506, 311
436; 20, 868, 1471, 1231
437; 499, 482, 169, 845, 1032, 826, 223
438; 1039
439; 258, 689, 715, 85, 1034, 125
440; 1218, 1329, 62, 1366, 342
441; 980, 448, 297
442; 1190, 641, 1135, 735, 758
443; 531, 653
444; 850, 446, 1325, 1060, 477
445; 1369, 946, 85, 808, 336, 1288, 620, 47, 98
446; 1264, 915, 599, 444, 33, 503, 1043
447; 289, 123
448; 638, 441
449; 465, 166, 497, 885
450; 1394, 364, 725, 694
451; 1402, 1307, 1116
452; 1434, 1356
453; 1137, 497, 210, 1266, 1297
454; 649, 1194, 1115
455; 540, 529, 1112, 326
456; 1168, 1487, 530, 1075
457; 661, 1399
458; 99, 43, 1466, 1100, 221
459; 1226, 959, 915, 1066, 1411
460; 896, 271, 760
461; 1199, 840, 713, 898
462; 1010, 726, 750, 1069, 643, 35, 391
463; 183, 1117, 571, 33
464; 657, 1279
465; 188, 470, 889, 449, 213, 1325, 1412, 1493, 341, 1394, 1193
466; 1089
467; 312, 587, 928, 338, 1058, 555
468; 138, 179, 611, 1398, 1245, 250, 314
469; 1257, 1217, 960, 368
470; 465, 1425, 605, 910, 896
471; 826, 145
472; 279, 1073
473; 709, 1241, 583
474; 884, 427, 1415, 64, 713
475; 1430, 1499, 231
476; 594, 919, 337, 362, 749
477; 698, 550, 944, 444
478; 38, 164
479; 165, 869, 132, 277, 1461, 150
480; 768, 1426, 1015, 569, 917
481; 1129, 1191, 1071, 1470
482; 206, 437, 500, 950, 848, 1038
483; 257
485; 396, 1036
486; 208, 1328, 1343, 972, 1435
487; 1241, 282
488; 1404, 167, 0
489; 1017, 1265, 1074, 1173, 414, 377
490; 15, 882, 913
491; 786, 1370, 1079
492; 565
493; 53, 868, 698, 1012, 704
494; 1111, 296
495; 367, 1315, 508, 415
496; 110, 1336, 1012
497; 638, 453, 614, 1018, 1315, 619, 351, 449, 279
498; 704, 3, 1372, 1297
499; 1381, 437, 552
500; 749, 922, 482, 670, 1284, 788
501; 91
502; 948
503; 900, 446
504; 662, 1149
505; 711, 794, 1187, 1167
506; 435, 511, 76
507; 971
508; 603, 495, 702, 536, 83, 1014
509; 1377, 1042, 1155, 67
510; 673, 338
511; 1219, 547, 506, 125
513; 1166, 733, 516, 1085, 3, 660, 547
514; 1215, 1460, 1137, 1243
515; 849, 146, 943, 290, 1396
516; 380, 1191, 157, 513, 409, 215, 886, 796, 260
517; 1072
518; 1262, 732, 768, 1383, 1395, 1431, 941, 955
519; 1037, 568, 574, 1177, 1429
520; 1287, 910, 930, 780
521; 336, 860, 1397, 1249, 1419
522; 8, 635
523; 832, 420, 387, 548
524; 160
525; 1323, 742, 852
526; 838
527; 1487, 1447, 1226
528; 816, 783, 1110
529; 1095, 1323, 455, 1040, 641
530; 1474, 456, 1265, 49
531; 1232, 443
532; 1350, 992, 1289, 1352, 1223
533; 296, 788, 352
534; 1027, 339, 1381, 151
535; 610, 1427
536; 126, 880, 508, 658, 581
537; 980, 928, 378
538; 1433, 1422, 1306, 395, 1020, 561, 1196, 115, 1010
539; 1442, 640, 892, 801
540; 633, 217, 455, 292, 1008, 813
541; 199, 83, 810, 1265, 1276
542; 1017, 1012
543; 256, 315, 893, 918
544; 1484, 919, 218
545; 1395, 789, 183, 44
546; 748, 354, 1312, 578, 51, 367, 1350, 350
547; 745, 335, 274, 1053, 511, 739, 513, 1268
548; 658, 415, 881, 523, 216, 994
549; 132, 655, 1128, 61
550; 477
551; 263, 1183, 1049, 251
552; 1315, 1145, 499
553; 1044, 970, 1274, 74, 385, 133, 807
554; 224, 1266, 780
555; 393, 1483, 1434, 467
556; 287, 823, 587, 1494, 750
557; 1306
558; 1132, 839, 792
559; 400, 1272, 1179, 109, 1274
560; 59, 349, 1353
561; 1251, 538, 866, 1004, 419, 150
562; 1056, 741, 1328, 287, 157
563; 779, 781, 1221, 120, 1498
564; 1476, 226, 902
565; 492, 432, 1017
566; 1170, 846
567; 934
568; 45, 519
569; 1481, 63, 480, 750, 36
570; 277, 383, 66, 1334, 144
571; 827, 79, 313, 986, 315, 463
572; 1234, 195, 697, 778, 930
573; 1108, 785, 901
574; 56, 519
575; 577, 1335, 1462
576; 1089, 106, 165
577; 1065, 1455, 575
578; 1137, 546, 802, 1409
579; 377, 727, 210
580; 256, 1135, 664, 954, 57, 628, 3
581; 277, 100, 348, 536, 694
582; 960, 749, 1140
583; 421, 131, 736, 473
584; 133, 697
585; 364, 72, 175, 1338, 1185, 190, 1382, 1375
586; 340, 1065, 1302, 1213
587; 1125, 467, 605, 211, 556, 115, 1403
588; 419, 593, 1136, 1204
589; 366, 128, 1341, 764
590; 1084, 227
591; 160, 901, 62
592; 377, 841, 823, 1438, 32, 1262
593; 642, 588, 286
594; 1014, 476, 713, 159, 415, 1146, 628
595; 1268, 294
596; 365, 775, 1071
597; 1229, 902, 988
598; 1442, 1413, 110, 598, 598, 1322, 755
599; 446, 639, 160
600; 397, 135, 1226, 649, 976
601; 1143, 1327, 189, 689, 1132
602; 1303
603; 508, 857
604; 1424
605; 587, 470, 83, 969
606; 1119, 1185
607; 37
608; 1405
609; 421, 952
610; 535, 825, 647, 852, 1475
611; 670, 621, 140, 468, 265, 157, 1429, 1014, 126
612; 7, 1284
613; 264, 18, 1433
614; 497, 153, 1178, 1423
615; 305, 348
616; 671, 298, 1003, 924
617; 200, 1234, 882
618; 1027, 144, 26, 260
619; 941, 497, 219, 269, 741, 657
620; 1242, 445, 1041
621; 25, 611, 816, 296, 1367
623; 1479, 1379
624; 681, 74, 682
625; 1389, 1078, 1370, 1058, 908, 1233, 883, 166, 691
626; 916
627; 1132, 89, 345, 652, 378, 978, 843
628; 282, 346, 1104, 13, 982, 1001, 580, 1232, 594
629; 265, 1222
630; 193, 721, 361, 1021, 1235
631; 1007
632; 134, 45, 1011, 258, 706, 693
633; 540, 950, 208, 1290, 1244
634; 923, 329
635; 49, 46, 1412, 876, 821, 758, 1196, 1373, 117, 522
636; 126, 1135, 1093, 956, 250, 866
637; 1201, 1175, 29, 180, 775, 867, 992
638; 448, 497, 202, 1446, 819
639; 791, 1147, 599
640; 696, 200, 539, 1389, 1385
641; 442, 529, 1353, 796, 1356
642; 593, 1429
643; 1247, 1071, 1211, 1389, 462, 669
644; 715, 1167, 1225, 1353, 291
645; 1364, 1353, 934, 310
646; 953, 1306, 1146
647; 286, 610, 5, 782, 420, 1303, 234, 248, 155
648; 682, 703, 1193, 321, 665
649; 454, 1450, 788, 600, 1317, 1471, 1474, 1402, 218
650; 1063, 1167, 145, 1051, 1417, 1030, 980, 334
651; 697, 215
652; 238, 627, 1366
653; 443, 1302, 410
654; 212, 768, 805, 1482
655; 74, 313, 1336, 549, 1442
656; 256, 195, 245
657; 758, 950, 994, 855, 464, 619, 1394
658; 1061, 548, 426, 536, 782, 1353
659; 906, 1285, 741, 1076
660; 310, 224, 355, 513, 1113
661; 457, 1013, 1476
662; 679, 504, 951, 1485, 1304, 1228, 1011
663; 1358, 858, 710, 1387
664; 736, 116, 580, 1062, 308, 715
665; 1175, 648, 688
666; 854, 1220, 147
667; 338, 71, 1309
668; 245, 319, 308, 196, 1281
669; 1308, 727, 643
670; 611, 310, 1403, 326, 500
671; 616, 1400
672; 327, 1312, 1044, 701
673; 857, 510, 1298, 1277
674; 77, 779, 964, 189
675; 922, 1106, 1027
676; 1219, 773
677; 143, 1147
678; 176, 709, 212, 1087
679; 337, 1, 662, 53, 176, 1298
680; 1478, 255
681; 1308, 624, 1405
682; 648, 1138, 1411, 624
683; 824, 295, 733, 1147
684; 359, 1381, 988, 1475, 206, 715
685; 1154, 691
686; 738, 40, 779, 1447, 339, 358
687; 156, 937, 1156, 1354
688; 985, 34, 1480, 1116, 665, 1248
689; 1010, 439, 601
690; 1174, 1350, 998
691; 685, 1228, 625
692; 1120, 1126, 285
693; 255, 956, 1275, 632
694; 450, 1185, 581
695; 21
696; 1282, 640, 1370, 1473, 1043, 350, 1181
697; 1477, 1158, 651, 584, 1445, 276, 572
698; 419, 477, 352, 430, 493
699; 920, 730, 94, 307
700; 1344, 1177, 1094
701; 1161, 833, 672
702; 508, 1263, 795
703; 648, 1493, 319
704; 498, 407, 1271, 271, 59, 214, 493
705; 1429, 141, 187
706; 1215, 1458, 632
707; 1313
708; 1441
709; 473, 364, 427, 678, 287, 74
710; 1338, 191, 1184, 292, 1452, 768, 328, 663, 1128
711; 1005, 505, 231, 1173, 724
712; 755, 1045
713; 594, 1474, 474, 461
714; 1290, 1253, 910, 741
715; 644, 829, 136, 109, 439, 684, 1443, 664, 167
716; 170, 908
717; 1321, 759, 1101, 965
718; 1038, 735, 336
719; 1013
720; 1044, 1434, 949, 967
721; 739, 630
722; 357, 962, 1429, 944
723; 134, 119, 397, 989
724; 332, 1070, 742, 711
725; 1456, 450
726; 105, 462, 729, 163, 977
727; 1111, 750, 579, 669, 1229
728; 1387
729; 726, 1300, 1120, 185, 1189
730; 364, 699, 1184, 172, 867
731; 1476, 830, 1073, 8
732; 518, 736, 1412
733; 910, 513, 913, 869, 839, 238, 683, 375
734; 265, 1147, 1206
735; 718, 1408, 442, 1470, 963
736; 732, 664, 583, 413, 253
737; 955, 341
738; 686, 1207, 1120, 7
739; 831, 721, 1440, 547
740; 1291, 302, 135
741; 42, 1470, 562, 61, 659, 1029, 982, 619, 714
742; 275, 525, 724, 781, 1314
743; 20
744; 1341, 48, 874, 997, 1143
745; 178, 547, 1041, 1408, 1159
746; 1258, 925, 872, 74, 1276
747; 1192, 1312, 1250
748; 546, 46, 1062, 1179, 292, 1498
749; 1375, 1181, 500, 476, 582
750; 91, 9, 727, 462, 569, 556, 1253
751; 10, 187
752; 1355
753; 1159, 804, 425, 773
754; 57, 1492, 1145
755; 712, 956, 598
756; 110, 173, 206
757; 178, 1018
758; 657, 1306, 635, 215, 1336, 442, 18
759; 202, 717
760; 416, 1121, 1139, 1055, 460, 47
761; 990, 255
762; 287, 1056, 845, 1427
763; 829, 1460, 929
764; 188, 275, 362, 1250, 169, 589
765; 1191, 96
766; 1471, 948, 1014
767; 831, 913
768; 1468, 518, 480, 284, 654, 1158, 710, 1287
769; 92, 1072, 54, 279, 312
770; 385, 822, 1268
771; 1263, 1396, 1329, 223
772; 1358, 258, 1368, 1143
773; 1427, 676, 402, 997, 753, 169
774; 816, 814, 952, 1126
775; 596, 1403, 893, 637
776; 149, 409, 1186, 1448, 1286, 1033, 384
777; 5
778; 1329, 1326, 572
779; 563, 340, 686, 326, 284, 674, 1259
780; 915, 520, 554, 172
781; 851, 563, 33, 1044, 742, 212
782; 1398, 1104, 647, 329, 658, 105, 1309
783; 946, 1386, 528
784; 903, 1371, 800, 886, 99
785; 1431, 573
786; 491, 365, 1135, 854, 1350, 129
787; 1465, 172, 1116, 360
788; 533, 1418, 649, 296, 941, 281, 500
789; 1404, 1272, 4, 545, 1190
790; 1442, 1000, 346, 1086
791; 1474, 875, 639
792; 1340, 282, 958, 558
793; 1325
794; 505, 1044
795; 879, 807, 1448, 337, 258, 702
796; 939, 1270, 641, 1426, 209, 516
797; 963, 50
798; 1445, 1187, 1096
799; 325, 1277, 208
800; 972, 784, 1306, 277, 864
801; 967, 120, 1214, 539
802; 930, 1454, 578, 907
803; 938, 1179, 1184, 1282
804; 252, 753, 1384, 421
805; 32, 101, 986, 1354, 654, 1209
806; 1229
807; 795, 1061, 157, 1079, 553, 1145
808; 445, 24
809; 420, 1498
810; 541, 21, 964, 6, 1215
812; 1144, 328
813; 1499, 1340, 1001, 124, 540
814; 1386, 177, 366, 774
815; 229, 978, 898
816; 1307, 774, 938, 528, 621, 1157, 170
817; 1046, 1216
818; 173, 278, 158, 829, 1103, 185
819; 286, 404, 421, 638
820; 902, 1093
821; 1204, 635, 171
822; 986, 219, 71, 1363, 823, 770, 854
823; 42, 898, 556, 1130, 340, 822, 592
824; 90, 126, 683, 1111, 197
825; 610, 1429
826; 471, 1388, 437
827; 1342, 571, 1213, 311, 912
828; 1086
829; 818, 715, 1239, 763, 858, 194
830; 1327, 731, 42, 1328
831; 739, 767, 960, 75, 280, 1261
832; 1325, 523
833; 1365, 701, 267, 1294, 27
834; 1259
835; 1169, 1215, 1199, 1077, 1078
836; 1470, 871, 1410
837; 1288, 1430, 1165
838; 526, 1300, 915
839; 1009, 733, 1006, 558
840; 171, 461, 306, 193
841; 1494, 940, 592, 937, 195
842; 1263, 1006, 1055
843; 1068, 267, 627
844; 1194, 1404
845; 1178, 187, 311, 437, 986, 762, 1113, 1011, 236
846; 1027, 566, 1051, 919
847; 1380, 1355, 35, 1053, 1097
848; 482, 866, 1293, 210
849; 515, 398, 402, 1053, 381
850; 258, 444, 1141, 1328, 990, 878, 1392
851; 781, 1006
852; 109, 610, 525
853; 213
854; 666, 1010, 786, 375, 247, 1431, 822
855; 1104, 1334, 1467, 34, 657
856; 1358
857; 673, 1283, 1239, 1286, 1069, 603
858; 663, 829, 916
859; 294, 1470, 48, 969
860; 521, 6, 1154, 1097
861; 287, 84, 430, 189
862; 342, 1386
863; 337, 1395
864; 115, 224, 380, 411, 800
865; 1081, 1178, 929, 1362, 167
866; 1435, 187, 1110, 561, 848, 1335, 636, 1420
867; 329, 15, 730, 637
868; 276, 436, 493, 253
869; 274, 479, 733, 295, 990, 102, 923
870; 1191, 1353, 963
871; 836, 912, 246, 1392, 1452
872; 293, 365, 746
873; 1422, 1074, 1338
874; 744
875; 69, 77, 791
876; 1206, 635, 1457
877; 1235, 1385, 1154, 1192
878; 850
879; 795, 403
880; 183, 536, 1141, 1256
881; 888, 310, 160, 198, 548
882; 1159, 490, 896, 617, 327
883; 68, 1222, 625, 1221
884; 474, 1355, 1205, 322, 1429
885; 976, 1177, 220, 449
886; 967, 784, 516
887; 112, 1378
888; 881, 262, 1391
889; 16, 465, 1405, 364, 52
890; 140, 1359, 1103, 1436, 1083
891; 119, 1210, 41
892; 185, 950, 539
893; 426, 543, 775, 1222, 1344
894; 1111, 1061, 273
895; 5, 986
896; 460, 882, 470
897; 300, 134, 115, 36, 1110
898; 1387, 823, 1374, 179, 461, 815
899; 417, 104, 336, 245
900; 1394, 503, 400, 1373
901; 591, 1024, 229, 406, 308, 573, 1217
902; 820, 597, 1068, 1370, 564
903; 784, 1341
904; 292, 920
905; 64, 331, 1227
906; 659, 986, 20
907; 356, 1430, 14, 394, 1435, 802
908; 716, 625, 1478
909; 973, 1475
910; 1018, 733, 714, 520, 470, 1007
912; 871, 265, 827
913; 733, 29, 930, 767, 490
914; 203, 381, 430
915; 446, 780, 40, 1195, 459, 838, 249
916; 626, 858
917; 106, 1462, 1249, 1218, 480
918; 1208, 921, 1256, 543
919; 88, 476, 544, 846
920; 699, 1490, 256, 904, 1210
921; 80, 231, 918, 1465, 1443
922; 675, 1375, 500, 183, 1047
923; 378, 634, 944, 299, 869
924; 1346, 1409, 348, 616
925; 401, 1386, 746
926; 119, 1105, 1296, 276
927; 335, 1364, 1128
928; 1197, 537, 1228, 467, 33
929; 1002, 865, 763, 281
930; 802, 913, 1484, 520, 1184, 572
931; 350, 1047
932; 201, 26
933; 296, 1307
934; 645, 273, 191, 567
936; 341
937; 687, 264, 23, 1403, 267, 1163, 841, 216
938; 1158, 120, 816, 803, 1064
939; 1486, 796, 1255, 1288, 1015
940; 1499, 1247, 841, 1292, 167
941; 619, 1234, 788, 518
942; 1099, 1436
943; 394, 515, 1254, 1153
944; 923, 477, 722
946; 783, 445, 1199, 1369
947; 26
948; 502, 1268, 289, 766, 1455, 1265
949; 968, 127, 720
950; 657, 892, 633, 482
951; 662, 1240, 1208
952; 42, 228, 774, 255, 609
953; 646
954; 990, 580, 87, 303
955; 99, 737, 1488, 518, 1268
956; 693, 755, 636, 1244
958; 354, 792, 1024
959; 418, 1346, 47, 1294, 459
960; 249, 831, 469, 582, 1147, 1440
961; 96, 249, 6, 1222
962; 1127, 100, 722, 1373
963; 1156, 308, 870, 797, 1091, 112, 735
964; 129, 1267, 810, 674
965; 161, 142, 1345, 334, 717
966; 165, 1120, 342
967; 79, 1239, 801, 1357, 11, 886, 159, 15, 720
968; 351, 949, 11, 1210, 1219, 135, 1262
969; 1271, 605, 216, 859, 68, 1148
970; 1383, 553, 1051, 1398, 1212, 151
971; 1409, 126, 392, 507, 84, 1446
972; 800, 1411, 486
973; 85, 422, 909, 1497, 1047
975; 403, 230
976; 885, 19, 409, 600
977; 726, 357, 1226, 1358
978; 1395, 1264, 1040, 140, 815, 627, 231
979; 1350, 1174
980; 537, 441, 1170, 650
981; 1142, 153
982; 1237, 187, 628, 1241, 741, 1407, 1121
983; 226, 1275, 1111
984; 36
985; 688, 1117
986; 805, 822, 845, 906, 571, 340, 895, 1259
987; 393, 98, 89
988; 1387, 1023, 684, 1436, 1027, 597, 1067
989; 231, 723
990; 954, 1369, 869, 231, 761, 850
992; 532, 998, 83, 637
993; 1042, 1306, 340, 1084
994; 657, 1169, 23, 105, 548
996; 28, 88, 1391
997; 186, 1317, 408, 773, 744, 97
998; 254, 1146, 992, 147, 690
999; 310, 1067, 1271
1000; 48, 130, 44, 790, 425, 1303, 1332
1001; 114, 1248, 628, 813, 1380
1002; 929, 1279, 307, 170
1003; 249, 1041, 616, 37, 142
1004; 432, 561, 1261, 1189, 1152, 184
1005; 711, 1469
1006; 842, 851, 227, 1016, 24, 839, 1280
1007; 1305, 31, 140, 1140, 631, 1233, 1298, 910
1008; 292, 1160, 196, 540
1009; 1224, 370, 1138, 839, 1310, 300, 1386, 244, 1056
1010; 462, 689, 854, 1106, 1163, 538
1011; 632, 318, 845, 364, 48, 662
1012; 542, 496, 493, 207
1013; 1198, 661, 719, 108, 1317
1014; 594, 37, 1406, 113, 611, 1381, 766, 508
1015; 480, 939
1016; 1100, 1006
1017; 489, 542, 1215, 1425, 254, 565, 1199
1018; 910, 497, 263, 1353, 757, 1190
1019; 1388, 1268, 48
1020; 1287, 1298, 1085, 109, 1402, 538, 1191
1021; 9, 426, 630
1022; 1074, 16, 1148
1023; 988, 32
1024; 369, 901, 1210, 1109, 1190, 958
1025; 1085, 1294
1026; 14, 57
1027; 534, 846, 618, 223, 79, 675, 988
1028; 247, 51, 1184, 361, 311
1029; 741, 377, 1326
1030; 1349, 385, 211, 1465, 330, 650
1031; 1065
1032; 66, 280, 437, 242, 301
1033; 776, 1458, 1208
1034; 1307, 377, 439, 185
1035; 1415, 411, 1391, 1216, 1079, 136, 281
1036; 1371, 1156, 485
1037; 519, 324, 81
1038; 718, 361, 269, 1340, 482
1039; 368, 438, 1202, 71, 1425
1040; 103, 529, 6, 978, 105
1041; 1003, 321, 745, 331, 1298, 620
1042; 509, 127, 993
1043; 1172, 1371, 696, 446
1044; 553, 720, 672, 781, 794, 320, 1205
1045; 1447, 1204, 712, 1164
1046; 1285, 817
1047; 973, 1300, 130, 922, 931
1048; 160, 1466
1049; 1349, 551, 1177
1050; 38, 1130
1051; 970, 846, 93, 650
1052; 1336, 1261
1053; 90, 1322, 847, 849, 547
1055; 344, 264, 317, 842, 760
1056; 217, 562, 762, 1260, 1140, 1009, 1083, 1217
1057; 427, 1472, 261
1058; 1474, 1081, 625, 467
1059; 58, 1219, 1205, 191
1060; 45, 1123, 444
1061; 807, 658, 894, 1433
1062; 53, 1262, 748, 664, 96, 38
1063; 650, 1245, 1189
1064; 188, 938, 203
1065; 577, 294, 323, 586, 1031
1066; 1150, 459, 1422
1067; 999, 1318, 1462, 988
1068; 843, 128, 1312, 1433, 222, 902, 1350, 280
1069; 300, 462, 857, 1135, 1255
1070; 724
1071; 643, 596, 481, 1078
1072; 769, 517
1073; 731, 472, 1446
1074; 1022, 873, 489
1075; 456
1076; 228, 1265, 659
1077; 60, 1204, 835, 1249, 333
1078; 120, 625, 313, 315, 1071, 1100, 835
1079; 403, 807, 1240, 1035, 1390, 491
1080; 1392, 1328, 1415
1081; 865, 1058
1082; 1179, 1455
1083; 300, 1351, 890, 1056
1084; 1084, 1084, 590, 1268, 256, 993
1085; 1025, 1258, 1020, 74, 513, 133, 15
1086; 828, 191, 1236, 790
1087; 38, 234, 678
1088; 191, 401, 1181, 332
1089; 1482, 92, 576, 286, 466, 264, 415
1090; 229, 142, 1144, 1169
1091; 1378, 293, 204, 1287, 963
1092; 318
1093; 1403, 820, 636
1094; 1444, 257, 700, 1099
1095; 529, 1413
1096; 407, 293, 798
1097; 1466, 247, 847, 860, 339, 100, 1193
1098; 250, 1344, 63, 1356, 1235
1099; 294, 942, 1094, 63, 1311
1100; 1016, 1232, 1281, 305, 1362, 458, 1078, 1171
1101; 17, 1202, 172, 717
1102; 271, 316, 1437
1103; 890, 818
1104; 1312, 855, 782, 628, 1376
1105; 172, 926, 244, 390, 1144, 1462
1106; 1010, 675
1107; 1115, 36
1108; 87, 1200, 573, 1343
1109; 1024, 358, 1357
1110; 1165, 60, 866, 897, 528
1111; 894, 727, 1441, 433, 824, 494, 1115, 99, 983
1112; 283, 1271, 116, 455
1113; 1286, 845, 660
1114; 1187, 1458
1115; 126, 454, 1107, 1111
1116; 688, 787, 451, 261
1117; 985, 342, 1132, 463, 368
1118; 191
1119; 606, 8, 110, 240
1120; 692, 966, 729, 738, 41
1121; 344, 760, 124, 982, 1343
1122; 1443, 246
1123; 1060
1124; 1256, 1301
1125; 587, 226
1126; 692, 774
1127; 962
1128; 549, 282, 927, 1209, 710
1129; 481, 1493, 1400
1130; 1050, 823, 1410, 1218
1131; 200, 1480, 1134, 1263, 1365, 1489, 1498
1132; 627, 1430, 558, 350, 1420, 1117, 601
1133; 1251, 136, 1328
1134; 155, 1131, 1376
1135; 580, 636, 442, 786, 67, 1069
1136; 1141, 588
1137; 578, 453, 1296, 514, 1194, 68
1138; 158, 1009, 682, 401, 1447, 234
1139; 760, 1421
1140; 1007, 582, 1056, 1416
1141; 1136, 331, 357, 64, 850, 880, 216, 396
1142; 981, 356, 1315, 183
1143; 601, 140, 772, 744
1144; 812, 230, 1407, 1090, 1105, 1420
1145; 407, 203, 552, 253, 754, 807
1146; 1455, 646, 998, 594, 67
1147; 199, 960, 734, 639, 683, 677
1148; 1203, 1022, 969
1149; 53, 284, 504
1150; 1066, 1387
1151; 157, 1311, 379, 114, 1183
1152; 1004
1153; 1274, 1454, 295, 1297, 943
1154; 685, 860, 877
1155; 509
1156; 963, 114, 687, 1036, 1228, 292, 1453
1157; 229, 816, 245
1158; 938, 697, 768, 1203, 272, 237, 113
1159; 882, 753, 196, 314, 113, 745
1160; 1008, 1247, 184
1161; 701
1162; 1383
1163; 937, 1010
1164; 1045, 52
1165; 1110, 837
1166; 223, 513, 1175, 412
1167; 260, 644, 505, 650
1168; 1286, 456, 1405, 75, 371, 196
1169; 835, 60, 994, 1090, 1426
1170; 566, 1363, 391, 980
1171; 150, 1100
1172; 1043, 1223, 82
1173; 361, 489, 711
1174; 690, 34, 55, 979
1175; 665, 637, 1166, 1404
1176; 1346, 1416, 314, 1491
1177; 885, 700, 1049, 519
1178; 845, 865, 260, 614, 1492
1179; 1082, 366, 559, 803, 748
1180; 190, 1206, 131
1181; 749, 1088, 696
1182; 266, 1256, 136, 204
1183; 305, 551, 1341, 1151
1184; 710, 1028, 173, 730, 1262, 362, 930, 803
1185; 606, 1255, 585, 694
1186; 776, 1324
1187; 18, 798, 94, 1114, 505, 1374, 1301
1188; 1260, 1379
1189; 1320, 265, 1004, 729, 1063
1190; 442, 318, 1024, 1379, 224, 236, 789, 1018
1191; 765, 870, 516, 1020, 481, 87
1192; 1492, 747, 877
1193; 648, 1292, 235, 465, 1097
1194; 844, 1390, 454, 291, 1137
1195; 915, 184
1196; 538, 404, 1477, 635
1197; 928, 44, 183, 1279, 67, 251, 184
1198; 1013, 1414, 158
1199; 946, 1398, 461, 339, 835, 1017
1200; 1213, 1108, 192
1201; 637, 79, 322, 1243
1202; 220, 359, 364, 1232, 1101, 223, 1039, 1311, 317, 409, 164
1203; 1309, 100, 1158, 215, 1148, 1459
1204; 1205, 1045, 821, 1307, 1345, 1077, 588
1205; 1204, 884, 1059, 1044
1206; 876, 1312, 1180, 1431, 734
1207; 1463, 289, 738
1208; 202, 168, 1474, 918, 241, 1033, 951
1209; 1128, 805
1210; 891, 1024, 1376, 968, 920, 4
1211; 192, 356, 1353, 643, 1477, 342
1212; 380, 1444, 970, 234, 223
1213; 1200, 1324, 827, 586, 125
1214; 229, 367, 208, 801
1215; 706, 173, 1017, 835, 514, 810, 1274
1216; 1234, 160, 1035, 817
1217; 1351, 469, 1270, 901, 1286, 1056
1218; 440, 26, 0, 1130, 917
1219; 676, 511, 1059, 1384, 968
1220; 666
1221; 563, 883
1222; 14, 961, 883, 893, 138, 629
1223; 1224, 312, 401, 1172, 532
1224; 1009, 1223
1225; 96, 397, 142, 644, 1405
1226; 459, 1359, 367, 600, 977, 1285, 155, 527
1227; 905
1228; 928, 1156, 1258, 48, 691, 662
1229; 597, 727, 806
1231; 436, 274
1232; 1100, 531, 1202, 1382, 628
1233; 330, 625, 1007
1234; 1216, 572, 111, 617, 941
1235; 877, 1337, 630, 1098
1236; 215, 1086
1237; 982, 296
1238; 179, 12, 426, 276
1239; 1243, 967, 829, 1485, 857, 96
1240; 377, 1079, 951, 67
1241; 202, 487, 473, 982, 1266
1242; 385, 183, 358, 620
1243; 1239, 2, 1462, 514, 70, 1201
1244; 956, 633
1245; 468, 1063
1246; 95
1247; 643, 940, 1160, 402, 1281
1248; 1001, 1292, 688
1249; 521, 1077, 917
1250; 222, 764, 747
1251; 561, 210, 1346, 1133
1252; 1347, 1396, 1407
1253; 1259, 1322, 714, 138, 1309, 70, 750
1254; 175, 73, 943, 1476, 1331
1255; 939, 240, 205, 1185, 1069
1256; 1124, 1182, 7, 918, 880
1257; 469, 1317, 1464, 278
1258; 1085, 746, 1228, 1453, 1442
1259; 1253, 834, 113, 779, 986
1260; 309, 1188, 1056
1261; 1312, 239, 1004, 831, 1052
1262; 518, 112, 1062, 1184, 968, 592, 1386
1263; 842, 702, 771, 77, 1131, 58, 1306
1264; 446, 304, 978
1265; 1497, 489, 530, 396, 1076, 541, 948
1266; 406, 251, 453, 554, 1241
1267; 964
1268; 948, 1469, 1084, 595, 269, 1019, 770, 547, 955
1269; 121, 383
1270; 401, 796, 1217, 80, 96
1271; 187, 969, 704, 1112, 999
1272; 789, 559, 316
1274; 1153, 553, 380, 559, 1215, 1432
1275; 693, 983
1276; 245, 180, 123, 541, 1289, 151, 244, 746
1277; 295, 340, 799, 673
1279; 1002, 15, 1197, 464
1280; 230, 1006, 1308
1281; 1100, 1485, 668, 1247
1282; 696, 362, 803
1283; 857, 336
1284; 338, 93, 500, 612
1285; 151, 1046, 659, 1297, 357, 1226
1286; 1168, 207, 432, 1113, 1303, 251, 776, 857, 1217
1287; 520, 1020, 270, 1091, 768, 1407, 1441, 1389
1288; 837, 939, 445, 1341
1289; 532, 384, 1276
1290; 714, 633
1291; 122, 283, 740
1292; 1248, 940, 1193, 1337
1293; 173, 417, 7, 848
1294; 1418, 1025, 50, 959, 833, 98
1295; 1353
1296; 186, 926, 1137
1297; 1153, 498, 453, 1285
1298; 1020, 1448, 673, 1041, 679, 1007
1299; 208, 283, 212
1300; 1047, 729, 838, 9, 423
1301; 1124, 1187
1302; 12, 653, 586
1303; 602, 1445, 76, 1286, 323, 1344, 647, 1000
1304; 1495, 301, 662
1305; 1007
1306; 758, 646, 538, 1499, 800, 159, 993, 1263, 557, 192
1307; 1034, 816, 1204, 451, 933
1308; 681, 669, 167, 1280
1309; 1203, 667, 1253, 782
1310; 1009, 266, 61
1311; 127, 1151, 1202, 1099
1312; 321, 1104, 1261, 1206, 546, 672, 425, 1068, 1497, 382, 747
1313; 707, 170, 318, 51
1314; 158, 1418, 742
1315; 552, 495, 497, 44, 1142, 352, 313
1316; 320, 372, 323
1317; 997, 1257, 1454, 649, 1013
1318; 1067
1319; 103
1320; 1189
1321; 717, 1400
1322; 289, 101, 1253, 1053, 598
1323; 525, 529, 318
1324; 1213, 1186
1325; 832, 465, 254, 444, 793, 387, 67, 1463
1326; 225, 1489, 778, 264, 256, 1029
1327; 830, 601
1328; 281, 286, 1080, 562, 1133, 486, 850, 830
1329; 440, 778, 771, 410
1331; 1377, 248, 1254
1332; 1000
1334; 855, 186, 411, 1413, 570
1335; 575, 152, 114, 866
1336; 655, 496, 1052, 758, 111
1337; 313, 1235, 1292, 43
1338; 710, 873, 585
1339; 1359, 107, 1456
1340; 813, 792, 62, 1038
1341; 744, 1480, 298, 903, 232, 1183, 589, 1288
1342; 827
1343; 183, 1108, 486, 1121
1344; 1098, 700, 1303, 298, 893, 1346
1345; 1453, 1204, 965
1346; 959, 1251, 1450, 924, 1176, 1344
1347; 1252, 66, 284
1348; 31
1349; 1030, 1404, 1049, 1356
1350; 532, 979, 690, 171, 1068, 546, 786
1351; 1217, 49, 1083, 1487, 128
1352; 98, 431, 1495, 532
1353; 645, 1295, 870, 641, 1211, 1018, 658, 644, 560
1354; 241, 805, 687, 105
1355; 220, 847, 752, 884, 1499, 99, 1418
1356; 414, 452, 1098, 641, 207, 1349
1357; 967, 229, 1109, 342
1358; 772, 663, 217, 977, 856
1359; 1226, 1339, 890, 283, 272
1360; 107, 430
1361; 182
1362; 865, 1100, 156
1363; 1170, 822
1364; 194, 645, 1415, 39, 927
1365; 833, 48, 1131
1366; 440, 652, 1491
1367; 55, 621
1368; 772, 260
1369; 445, 1382, 990, 1396, 946, 10
1370; 372, 27, 491, 625, 696, 902, 375
1371; 784, 1036, 417, 1043
1372; 498
1373; 171, 1488, 900, 635, 962, 1443
1374; 1187, 898, 392
1375; 30, 922, 749, 49, 585
1376; 46, 1210, 1134, 1104
1377; 509, 1440, 1331, 199
1378; 1091, 105, 274, 887, 25
1379; 1190, 1188, 623, 171
1380; 847, 1001
1381; 499, 684, 98, 534, 1014
1382; 1369, 106, 1232, 585
1383; 970, 518, 1162, 382
1384; 1219, 804
1385; 352, 877, 1497, 640
1386; 814, 925, 783, 428, 1009, 862, 1262
1387; 898, 988, 728, 1150, 663
1388; 1019, 39, 140, 826
1389; 625, 643, 640, 1287
1390; 1194, 1079
1391; 411, 1035, 996, 888
1392; 1080, 871, 850
1393; 239
1394; 51, 450, 900, 465, 657
1395; 545, 3, 978, 518, 863
1396; 1252, 1401, 1369, 771, 515
1397; 521, 100, 430
1398; 782, 1199, 468, 970, 1400, 93
1399; 457
1400; 224, 322, 1398, 671, 1321, 417, 1129
1401; 388, 1396
1402; 451, 1020, 649, 9
1403; 670, 1093, 937, 775, 587, 93
1404; 789, 488, 1349, 844, 274, 1175
1405; 1168, 889, 608, 681, 1225, 393, 169
1406; 361, 1014
1407; 1144, 1252, 1287, 982
1408; 426, 745, 735, 326
1409; 971, 924, 578
1410; 836, 1130
1411; 972, 682, 459
1412; 635, 732, 465
1413; 184, 598, 1492, 1095, 1334
1414; 1198, 281
1415; 1035, 1440, 1364, 474, 1080, 331, 391
1416; 1176, 345, 1140
1417; 87, 249, 145, 650
1418; 1294, 788, 339, 1355, 1314
1419; 1470, 365, 521, 1458, 376
1420; 238, 1424, 1132, 1144, 866
1421; 228, 1139
1422; 873, 538, 1435, 1066
1423; 332, 415, 123, 316, 614, 325
1424; 208, 1420, 604
1425; 470, 1017, 1463, 1462, 1039
1426; 480, 796, 1169
1427; 773, 535, 366, 762
1428; 410, 1439
1429; 705, 1448, 642, 158, 825, 722, 611, 239, 884, 519
1430; 907, 1132, 475, 837, 122
1431; 785, 518, 1206, 1437, 854
1432; 134, 1274
1433; 538, 351, 86, 1068, 613, 1061
1434; 452, 555, 174, 720, 402, 30
1435; 59, 866, 1422, 907, 486
1436; 988, 890, 942
1437; 410, 1431, 1102
1438; 592
1439; 1428
1440; 1377, 1415, 415, 739, 960
1441; 708, 1111, 1287, 297
1442; 539, 598, 790, 1258, 655
1443; 1122, 1373, 715, 921
1444; 1094, 298, 1212, 394
1445; 798, 1303, 697, 123
1446; 76, 638, 1073, 249, 971
1447; 1045, 363, 686, 1138, 106, 527
1448; 1429, 795, 1298, 776, 287
1449; 275
1450; 1346, 1473, 649
1451; 1466, 261
1452; 710, 300, 49, 871, 304
1453; 1345, 1156, 1258
1454; 1153, 802, 182, 1317, 353
1455; 1146, 577, 948, 1082
1456; 725, 124, 1339
1457; 251, 876
1458; 706, 268, 1419, 31, 1033, 1114
1459; 114, 1203, 109
1460; 218, 67, 763, 514
1461; 328, 479
1462; 1067, 1425, 917, 1243, 1105, 575, 174
1463; 1207, 1425, 1325
1464; 404, 1257, 69
1465; 787, 1030, 921, 422
1466; 1451, 1097, 458, 1048
1467; 855, 271
1468; 768, 346
1469; 1268, 1005
1470; 836, 1419, 121, 741, 859, 481, 272, 735
1471; 766, 436, 649
1472; 334, 1057, 332
1473; 1450, 114, 696
1474; 530, 1208, 713, 1058, 791, 649, 57
1475; 909, 170, 684, 610
1476; 731, 564, 101, 661, 1254
1477; 697, 1196, 1211
1478; 680, 908, 96
1479; 623, 315, 342, 226
1480; 339, 1341, 1131, 688, 369, 222
1481; 569, 411, 85
1482; 1089, 654
1483; 31, 555, 280, 343, 320, 1491, 369, 85
1484; 544, 132, 134, 930
1485; 1239, 1281, 662, 17, 86
1486; 939
1487; 527, 209, 456, 236, 1351
1488; 1373, 159, 203, 955
1489; 113, 1326, 1495, 1131, 223
1490; 920, 155
1491; 430, 182, 1483, 1176, 1366, 290
1492; 1192, 754, 1178, 1413, 219
1493; 703, 465, 1129
1494; 289, 1497, 841, 206, 556
1495; 399, 1352, 1304, 387, 1489
1497; 1494, 191, 1265, 1312, 973, 1385
1498; 403, 809, 102, 563, 748, 125, 1131
1499; 813, 940, 373, 97, 1306, 475, 1355
